id;mz;rt;C12_WT_1;C12_WT_2;C13_WT_1;C13_WT_2
F1;85.02945619;1896.718934;5919306.937;5703751.977;3312436.625;3206933.578
F2;86.0328308;1897.079285;0;0;11167765.12;11531920.89
F3;87.03618066;1897.256855;0;0;17830432.07;18379502.03
F4;88.0395047;1897.541164;0;0;12244237.86;12240060.69
F5;115.003462;677.9896953;36906466.8;37145863.93;32532645.86;33144039.05
F6;116.0068468;677.863253;0;0;138146229;127150553.2
F7;117.0102425;677.5412531;0;0;280940541.2;189994960.9
F8;118.0136756;677.8694504;0;0;132941977.8;126368619.3
F9;119.017101;677.1352979;0;0;16544550.93;14599563.11
